{"cameraMode":{"drawMode":0,"name":"Shaded","section":"Shading Mode"},"sceneLighting":true,"audioPlay":false,"sceneViewState":{"m_AlwaysRefresh":false,"showFog":true,"showSkybox":true,"showFlares":true,"showImageEffects":true,"showParticleSystems":true,"showVisualEffectGraphs":true,"m_FxEnabled":true},"in2DMode":false,"pivot":{"x":10.952566146850586,"y":2.4800000190734865,"z":-1.716761827468872},"rotation":{"x":-0.08617188036441803,"y":0.37164491415023806,"z":-0.03462139517068863,"w":-0.9237410426139832},"size":15.63510799407959,"orthographic":false}